id_cliente,total_compras,total_gasto,media_por_compra
1,99,147822.67,1493.158283
2,106,142764.94,1346.839057
3,124,161684.22,1303.905000
4,131,235008.63,1793.959008
5,106,133886.06,1263.076038
6,100,86115.61,861.156100
7,101,114253.52,1131.222970
8,106,156550.94,1476.895660
9,103,114636.17,1112.972524
10,107,121815.49,1138.462523
11,107,138570.52,1295.051589
12,96,116545.35,1214.014063
13,112,123537.33,1103.011875
14,123,165426.30,1344.929268
15,120,224819.26,1873.493833
